ID,Name
0,Aardvark
1,Abstract
2,Ape
3,Bag
4,Bagpipe
5,Banana
6,Bank
7,Baseball-Gameball
8,Basketball
9,Bat
10,Bear
11,Beer
12,Beet
13,Bell
14,Bigfoot-Yeti
15,Bigfoot
16,Blackhole
17,Blueberry
18,Bomb
19,Bonsai
20,Boombox
21,Boot
22,Box
23,Boxingglove
24,Brain
25,Bubble-Speech
26,Bubblegum
27,Burger-Dollarmenu
28,Cake
29,Calculator
30,Calendar
31,Camcorder
32,Cannedham
33,Car
34,Cash-Register
35,Cassettetape
36,Cat
37,Cd
38,Chain
39,Chainsaw
40,Chameleon
41,Chart-Bars
42,Cheese
43,Chefhat
44,Cherry
45,Chicken
46,Chilli
47,Chipboard
48,Chips
49,Chocolate
50,Cloud
51,Clover
52,Clutch
53,Coffeebean
54,Cone
55,Console-Handheld
56,Cookie
57,Cordlessphone
58,Cottonball
59,Cow
60,Crab
61,Crane
62,Croc-Hat
63,Crown
64,Crt-Bsod
65,Crystalball
66,Diamond-Blue
67,Diamond-Red
68,Dictionary
69,Dino
70,Dna
71,Dog
72,Doughnut
73,Drill
74,Duck
75,Ducky
76,Earth
77,Egg
78,Faberge
79,Factory-Dark
80,Fan
81,Fence
82,Film-35Mm
83,Film-Strip
84,Fir
85,Firehydrant
86,Flamingo
87,Flower
88,Fox
89,Frog
90,Garlic
91,Gavel
92,Ghost-B
93,Glasses-Big
94,Gnome
95,Goat
96,Goldcoin
97,Goldfish
98,Grouper
99,Hair
100,Hardhat
101,Heart
102,Helicopter
103,Highheel
104,Hockeypuck
105,Horse-Deepfried
106,Hotdog
107,House
108,Icepop-B
109,Igloo
110,Island
111,Jellyfish
112,Jupiter
113,Kangaroo
114,Ketchup
115,Laptop
116,Lightning-Bolt
117,Lint
118,Lips
119,Lipstick2
120,Lock
121,Macaroni
122,Mailbox
123,Maze
124,Microwave
125,Milk
126,Mirror
127,Mixer
128,Moon
129,Moose
130,Mosquito
131,Mountain-Snowcap
132,Mouse
133,Mug
134,Mushroom
135,Mustard
136,Nigiri
137,Noodles
138,Onion
139,Orangutan
140,Orca
141,Otter
142,Outlet
143,Owl
144,Oyster
145,Paintbrush
146,Panda
147,Paperclip
148,Peanut
149,Pencil-Tip
150,Peyote
151,Piano
152,Pickle
153,Pie
154,Piggybank
155,Pill
156,Pillow
157,Pineapple
158,Pipe
159,Pirateship
160,Pizza
161,Plane
162,Pop
163,Porkbao
164,Potato
165,Pufferfish
166,Pumpkin
167,Pyramid
168,Queencrown
169,Rabbit
170,Rainbow
171,Rangefinder
172,Raven
173,Retainer
174,Rgb
175,Ring
176,Road
177,Robot
178,Rock
179,Rosebud
180,Ruler-Triangular
181,Saguaro
182,Sailboat
183,Sandwich
184,Saturn
185,Saw
186,Scorpion
187,Shark
188,Shower
189,Skateboard
190,Skeleton-Hat
191,Skilift
192,Smile
193,Snowglobe
194,Snowmobile
195,Spaghetti
196,Sponge
197,Squid
198,Stapler
199,Star-Sparkles
200,Steak
201,Sunset
202,Taco-Classic
203,Taxi
204,Thumbsup
205,Toaster
206,Toiletpaper-Full
207,Tooth
208,Toothbrush-Fresh
209,Tornado
210,Trashcan
211,Turing
212,Ufo
213,Undead
214,Unicorn
215,Vent
216,Void
217,Volcano
218,Volleyball
219,Wall
220,Wallet
221,Wallsafe
222,Washingmachine
223,Watch
224,Watermelon
225,Wave
226,Weed
227,Weight
228,Werewolf
229,Whale-Alive
230,Whale
231,Wine
232,Wizardhat
233,Zebra
234,Capybara
235,Couch
236,Hanger
237,Index-Card
238,Snowman
239,Treasurechest
240,Vending-Machine
241,Wine-Barrel
